name	snomedcode
Adrenal gland	23451007
Anus	53505006
Any	1
Appendix	66754008
Bladder	89837001
Blood	87612001
Blood vessels	51833009
Bone	113192009
Bone marrow	14016003
Brain	12738006
Breast	76752008
Cervix	71252005
Colon	71854001
Colon and rectum	110797007
Ear	1910005
Endometrum	2739003
Esophagus	32849002
Eye	81745001
Fallopian tube	31435000
GE junction	25271004
Head and Neck	255056009
Heart	80891009
Kidney	64033007
Larynx	4596009
Liver	10200004
Lung	39607008
Lymph node	59441001
Mouth	21082005
Muscle	79984008
Nerves	84782009
Nose	110546002
Other	3
Ovary	15497006
Pancreas	15776009
Parathyroid	181121007
Penis	18911002
Pharynx	54066008
Pituitary gland	56329008
Prostate	41216001
Rectum	34402009
Skin	39937001
Small intestine	30315005
Soft tissue	87784001
Spinal cord	2748008
Spleen	78961009
Stomach	69695003
Testis	40689003
Thymus	9875009
Thyroid gland	69748006
Trachea/bronchi	91724006
Ureter	87953007
Urethra	13648007
Uterus	23952005
Vagina	76784001
Vulva	45292006
