<?xml version="1.0" encoding="UTF-8"?>
<!--Exported from LabKey Server at http://localhost:8080/labkey/project/NWBioTrustTest/Requestor%201/begin.view by klum on Mon Jul 22 12:13:25 PDT 2013-->
<tables xmlns="http://labkey.org/data/xml">
  <table tableName="anatomicalsite" tableDbType="TABLE">
    <columns>
      <column columnName="name">
        <datatype>varchar</datatype>
        <columnTitle>Name</columnTitle>
        <nullable>false</nullable>
        <isKeyField>true</isKeyField>
      </column>
      <column columnName="snomedcode">
        <datatype>integer</datatype>
        <columnTitle>Snomedcode</columnTitle>
      </column>
    </columns>
    <pkColumnName>name</pkColumnName>
  </table>
</tables>